{
    "AAPL": 0.14999999999999997,
    "MSFT": 0.11999999999999997,
    "GOOGL": 0.09999999999999998,
    "AMZN": 0.07999999999999999,
    "JNJ": 0.07999999999999999,
    "V": 0.06999999999999999,
    "KO": 0.059999999999999984,
    "PG": 0.059999999999999984,
    "NVDA": 0.09999999999999998,
    "BND": 0.17999999999999997
}