{
    "AAPL": 0.14999999999999997,
    "AMZN": 0.09999999999999998,
    "CSCO": 0.07999999999999999,
    "GOOGL": 0.11999999999999997,
    "JNJ": 0.09999999999999998,
    "KO": 0.06999999999999999,
    "MA": 0.07999999999999999,
    "MSFT": 0.11999999999999997,
    "NVDA": 0.04999999999999999,
    "PEP": 0.04999999999999999,
    "PG": 0.07999999999999999
}