{
    "AAPL": 0.11428571428571425,
    "AMD": 0.07619047619047617,
    "AMZN": 0.09523809523809522,
    "BABA": 0.04761904761904761,
    "DIS": 0.04761904761904761,
    "GOOGL": 0.09523809523809522,
    "INTC": 0.04761904761904761,
    "JNJ": 0.06666666666666665,
    "KO": 0.05714285714285713,
    "MSFT": 0.09523809523809522,
    "NFLX": 0.04761904761904761,
    "NVDA": 0.11428571428571425,
    "PEP": 0.04761904761904761,
    "PG": 0.04761904761904761
}