{
    "AAPL": 0.13636363636363635,
    "AMD": 0.045454545454545456,
    "AMZN": 0.09090909090909091,
    "CSCO": 0.07272727272727272,
    "DIS": 0.045454545454545456,
    "GOOGL": 0.10909090909090907,
    "INTC": 0.045454545454545456,
    "JNJ": 0.09090909090909091,
    "KO": 0.07272727272727272,
    "MSFT": 0.10909090909090907,
    "NFLX": 0.045454545454545456,
    "NKE": 0.01818181818181818,
    "NVDA": 0.07272727272727272,
    "PEP": 0.045454545454545456
}