{
    "AAPL": 0.15000000000000002,
    "AMD": 0.10000000000000002,
    "AMZN": 0.10000000000000002,
    "CSCO": 0.08000000000000002,
    "DIS": 0.05000000000000001,
    "GOOGL": 0.12000000000000001,
    "JNJ": 0.10000000000000002,
    "KO": 0.08000000000000002,
    "MSFT": 0.12000000000000001,
    "NVDA": 0.10000000000000002
}