{
    "AAPL": 0.11999999999999997,
    "AMZN": 0.09999999999999998,
    "GOOGL": 0.10999999999999997,
    "MSFT": 0.10999999999999997,
    "NVDA": 0.07999999999999999,
    "TSLA": 0.06999999999999999,
    "JNJ": 0.059999999999999984,
    "JPM": 0.06999999999999999,
    "SPY": 0.07999999999999999,
    "QQQ": 0.07999999999999999,
    "VTI": 0.059999999999999984,
    "XOM": 0.059999999999999984
}