{
    "AAPL": 0.11999999999999997,
    "NVDA": 0.14999999999999997,
    "GOOGL": 0.09999999999999998,
    "MSFT": 0.09999999999999998,
    "AMZN": 0.09999999999999998,
    "TSLA": 0.07999999999999999,
    "CSCO": 0.06999999999999999,
    "JPM": 0.06999999999999999,
    "JNJ": 0.059999999999999984,
    "META": 0.04999999999999999,
    "NFLX": 0.04999999999999999,
    "XOM": 0.04999999999999999
}