{
    "AAPL": 0.11999999999999997,
    "AMZN": 0.07999999999999999,
    "F": 0.04999999999999999,
    "GE": 0.04999999999999999,
    "GOOGL": 0.09999999999999998,
    "JNJ": 0.07999999999999999,
    "KO": 0.06999999999999999,
    "MA": 0.059999999999999984,
    "MSFT": 0.09999999999999998,
    "NIO": 0.029999999999999992,
    "NVDA": 0.09999999999999998,
    "PEP": 0.059999999999999984,
    "PG": 0.04999999999999999,
    "PLTR": 0.04999999999999999
}