{
    "AAPL": 0.09599999999999997,
    "ADBE": 0.039999999999999994,
    "AMD": 0.07999999999999999,
    "AMZN": 0.07999999999999999,
    "CSCO": 0.055999999999999994,
    "DIS": 0.023999999999999994,
    "GOOGL": 0.07999999999999999,
    "INTC": 0.039999999999999994,
    "JNJ": 0.04799999999999999,
    "KO": 0.039999999999999994,
    "META": 0.055999999999999994,
    "MSFT": 0.07999999999999999,
    "NFLX": 0.039999999999999994,
    "NKE": 0.015999999999999997,
    "NVDA": 0.06399999999999999,
    "PEP": 0.023999999999999994,
    "PG": 0.015999999999999997,
    "TSLA": 0.07999999999999999,
    "V": 0.039999999999999994
}