{
    "AAPL": 0.09090909090909091,
    "AGG": 0.13636363636363635,
    "BND": 0.13636363636363635,
    "CVX": 0.06363636363636364,
    "HYG": 0.07272727272727272,
    "IWM": 0.06363636363636364,
    "JNJ": 0.09090909090909091,
    "KO": 0.07272727272727272,
    "MSFT": 0.09090909090909091,
    "O": 0.045454545454545456,
    "PEP": 0.045454545454545456,
    "SPY": 0.09090909090909091
}