{
    "AAPL": 0.10909090909090906,
    "AMD": 0.07272727272727271,
    "AMZN": 0.09090909090909088,
    "CSCO": 0.04545454545454544,
    "CVX": 0.04545454545454544,
    "DIS": 0.036363636363636355,
    "GOOGL": 0.09090909090909088,
    "INTC": 0.04545454545454544,
    "JNJ": 0.05454545454545453,
    "KO": 0.04545454545454544,
    "MSFT": 0.09090909090909088,
    "NFLX": 0.05454545454545453,
    "NKE": 0.027272727272727264,
    "NVDA": 0.10909090909090906,
    "PEP": 0.036363636363636355,
    "PG": 0.04545454545454544
}