{
    "AAPL": 0.09230769230769227,
    "AMD": 0.061538461538461514,
    "AMZN": 0.0769230769230769,
    "CSCO": 0.03846153846153845,
    "CVX": 0.03846153846153845,
    "DIS": 0.030769230769230757,
    "GOOGL": 0.09230769230769227,
    "INTC": 0.03846153846153845,
    "JNJ": 0.046153846153846136,
    "KO": 0.03846153846153845,
    "MSFT": 0.09230769230769227,
    "NFLX": 0.046153846153846136,
    "NKE": 0.023076923076923068,
    "NVDA": 0.0769230769230769,
    "PEP": 0.030769230769230757,
    "PG": 0.03846153846153845,
    "TSLA": 0.061538461538461514,
    "V": 0.046153846153846136,
    "XOM": 0.030769230769230757
}