{
    "AAPL": 0.10909090909090906,
    "AMD": 0.07272727272727271,
    "AMZN": 0.09090909090909088,
    "BABA": 0.04545454545454544,
    "DIS": 0.04545454545454544,
    "GOOGL": 0.09090909090909088,
    "INTC": 0.04545454545454544,
    "JNJ": 0.06363636363636363,
    "KO": 0.04545454545454544,
    "MSFT": 0.09090909090909088,
    "NFLX": 0.04545454545454544,
    "NVDA": 0.09090909090909088,
    "PEP": 0.04545454545454544,
    "PG": 0.04545454545454544,
    "TSLA": 0.07272727272727271
}