{
    "AAPL": 0.11009174311926605,
    "AMD": 0.07339449541284403,
    "AMZN": 0.09174311926605505,
    "CSCO": 0.045871559633027525,
    "DIS": 0.03669724770642201,
    "GOOGL": 0.10091743119266054,
    "INTC": 0.027522935779816512,
    "JNJ": 0.06422018348623854,
    "KO": 0.045871559633027525,
    "MSFT": 0.10091743119266054,
    "NFLX": 0.055045871559633024,
    "NVDA": 0.08256880733944953,
    "PEP": 0.027522935779816512,
    "PG": 0.027522935779816512,
    "PYPL": 0.027522935779816512,
    "TSLA": 0.08256880733944953
}