{
    "AAPL": 0.09756097560975606,
    "AMD": 0.06504065040650404,
    "AMZN": 0.08130081300813005,
    "CSCO": 0.040650406504065026,
    "CVX": 0.040650406504065026,
    "DIS": 0.03252032520325202,
    "GOOGL": 0.09756097560975606,
    "INTC": 0.040650406504065026,
    "JNJ": 0.04878048780487803,
    "KO": 0.040650406504065026,
    "MSFT": 0.08130081300813005,
    "NFLX": 0.040650406504065026,
    "NKE": 0.024390243902439015,
    "NVDA": 0.08130081300813005,
    "PEP": 0.024390243902439015,
    "PG": 0.024390243902439015,
    "TSLA": 0.08130081300813005,
    "V": 0.03252032520325202,
    "XOM": 0.024390243902439015
}