{
    "AAPL": 0.09374999999999996,
    "AMD": 0.06249999999999998,
    "AMZN": 0.07812499999999997,
    "CSCO": 0.039062499999999986,
    "CVX": 0.039062499999999986,
    "DIS": 0.03124999999999999,
    "GOOGL": 0.09374999999999996,
    "INTC": 0.039062499999999986,
    "JNJ": 0.04687499999999998,
    "KO": 0.039062499999999986,
    "MSFT": 0.09374999999999996,
    "NFLX": 0.039062499999999986,
    "NKE": 0.02343749999999999,
    "NVDA": 0.07812499999999997,
    "PEP": 0.02343749999999999,
    "PG": 0.02343749999999999,
    "TSLA": 0.07812499999999997,
    "V": 0.04687499999999998,
    "XOM": 0.03124999999999999
}