{
    "AAPL": 0.09999999999999998,
    "AMD": 0.06666666666666665,
    "AMZN": 0.08333333333333333,
    "CSCO": 0.041666666666666664,
    "DIS": 0.033333333333333326,
    "GOOGL": 0.09166666666666666,
    "INTC": 0.024999999999999994,
    "JNJ": 0.04999999999999999,
    "KO": 0.041666666666666664,
    "META": 0.05833333333333333,
    "MSFT": 0.08333333333333333,
    "NFLX": 0.04999999999999999,
    "NKE": 0.016666666666666663,
    "NVDA": 0.08333333333333333,
    "PEP": 0.024999999999999994,
    "PG": 0.024999999999999994,
    "TSLA": 0.06666666666666665,
    "V": 0.05833333333333333
}