{
    "AAPL": 0.12000000000000001,
    "AMZN": 0.10000000000000002,
    "BABA": 0.05000000000000001,
    "F": 0.07000000000000002,
    "GOOGL": 0.10000000000000002,
    "JNJ": 0.08000000000000002,
    "JPM": 0.08000000000000002,
    "KO": 0.060000000000000005,
    "MSFT": 0.10000000000000002,
    "NVDA": 0.10000000000000002,
    "PEP": 0.060000000000000005,
    "TSLA": 0.08000000000000002
}