{
    "AAPL": 0.11999999999999997,
    "AMD": 0.07999999999999999,
    "AMZN": 0.09999999999999998,
    "GOOGL": 0.10999999999999997,
    "MSFT": 0.10999999999999997,
    "NVDA": 0.08999999999999998,
    "TSLA": 0.07999999999999999,
    "JNJ": 0.059999999999999984,
    "JPM": 0.06999999999999999,
    "KO": 0.04999999999999999,
    "PG": 0.04999999999999999,
    "XOM": 0.07999999999999999
}