{
    "AAPL": 0.10526315789473681,
    "AMD": 0.07017543859649121,
    "AMZN": 0.08771929824561402,
    "CSCO": 0.04385964912280701,
    "DIS": 0.026315789473684202,
    "GOOGL": 0.08771929824561402,
    "INTC": 0.035087719298245605,
    "JNJ": 0.061403508771929814,
    "KO": 0.052631578947368404,
    "META": 0.04385964912280701,
    "MSFT": 0.08771929824561402,
    "NFLX": 0.04385964912280701,
    "NKE": 0.017543859649122803,
    "NVDA": 0.07017543859649121,
    "PEP": 0.035087719298245605,
    "PG": 0.035087719298245605,
    "PYPL": 0.017543859649122803,
    "TSLA": 0.04385964912280701,
    "V": 0.035087719298245605
}