{
    "AAPL": 0.09090909090909091,
    "MSFT": 0.09090909090909091,
    "JNJ": 0.07272727272727272,
    "KO": 0.07272727272727272,
    "PG": 0.07272727272727272,
    "SPY": 0.10909090909090907,
    "VTI": 0.10909090909090907,
    "SCHD": 0.09090909090909091,
    "BND": 0.09090909090909091,
    "AGG": 0.09090909090909091,
    "VIG": 0.10909090909090907
}