{
    "AAPL": 0.15000000000000002,
    "MSFT": 0.15000000000000002,
    "GOOGL": 0.12000000000000001,
    "JNJ": 0.10000000000000002,
    "KO": 0.08000000000000002,
    "PG": 0.08000000000000002,
    "MA": 0.10000000000000002,
    "NVDA": 0.07000000000000002,
    "UNH": 0.10000000000000002,
    "XOM": 0.05000000000000001
}