{
    "AAPL": 0.11999999999999997,
    "AMD": 0.07999999999999999,
    "AMZN": 0.09999999999999998,
    "DIS": 0.04999999999999999,
    "GOOGL": 0.09999999999999998,
    "INTC": 0.04999999999999999,
    "JNJ": 0.06999999999999999,
    "JPM": 0.06999999999999999,
    "META": 0.059999999999999984,
    "MSFT": 0.09999999999999998,
    "NFLX": 0.04999999999999999,
    "NVDA": 0.09999999999999998,
    "PG": 0.04999999999999999
}