{
    "AAPL": 0.11999999999999997,
    "AMD": 0.07999999999999999,
    "AMZN": 0.09999999999999998,
    "CSCO": 0.04999999999999999,
    "CVX": 0.04999999999999999,
    "DIS": 0.039999999999999994,
    "GOOGL": 0.11999999999999997,
    "INTC": 0.04999999999999999,
    "JNJ": 0.059999999999999984,
    "KO": 0.04999999999999999,
    "MSFT": 0.09999999999999998,
    "NFLX": 0.04999999999999999,
    "NKE": 0.029999999999999992,
    "NVDA": 0.09999999999999998
}