{
    "AAPL": 0.12499999999999997,
    "AMZN": 0.08333333333333333,
    "CSCO": 0.06666666666666665,
    "DIS": 0.041666666666666664,
    "GOOGL": 0.09999999999999998,
    "INTC": 0.041666666666666664,
    "JNJ": 0.08333333333333333,
    "KO": 0.06666666666666665,
    "MA": 0.05833333333333333,
    "MCD": 0.05833333333333333,
    "MSFT": 0.09999999999999998,
    "NKE": 0.016666666666666663,
    "NVDA": 0.041666666666666664,
    "PEP": 0.04999999999999999,
    "PG": 0.06666666666666665
}