{
    "AAPL": 0.14999999999999997,
    "AMD": 0.04999999999999999,
    "AMZN": 0.09999999999999998,
    "BABA": 0.029999999999999992,
    "CSCO": 0.07999999999999999,
    "GOOGL": 0.11999999999999997,
    "INTC": 0.04999999999999999,
    "JNJ": 0.06999999999999999,
    "KO": 0.059999999999999984,
    "META": 0.06999999999999999,
    "MSFT": 0.11999999999999997,
    "NFLX": 0.04999999999999999,
    "NVDA": 0.04999999999999999
}