{
    "AAPL": 0.11111111111111108,
    "AMD": 0.07407407407407406,
    "AMZN": 0.09259259259259257,
    "CSCO": 0.04629629629629629,
    "CVX": 0.03703703703703703,
    "DIS": 0.02777777777777777,
    "GOOGL": 0.10185185185185182,
    "INTC": 0.03703703703703703,
    "JNJ": 0.04629629629629629,
    "KO": 0.03703703703703703,
    "MSFT": 0.10185185185185182,
    "NFLX": 0.04629629629629629,
    "NKE": 0.018518518518518514,
    "NVDA": 0.09259259259259257,
    "PEP": 0.02777777777777777,
    "PG": 0.02777777777777777,
    "TSLA": 0.07407407407407406
}