{
    "AAPL": 0.09756097560975607,
    "AMD": 0.06504065040650406,
    "AMZN": 0.08130081300813007,
    "BABA": 0.04065040650406503,
    "DIS": 0.04065040650406503,
    "GOOGL": 0.09756097560975607,
    "INTC": 0.04065040650406503,
    "JNJ": 0.06504065040650406,
    "KO": 0.04065040650406503,
    "MSFT": 0.09756097560975607,
    "NFLX": 0.04065040650406503,
    "NVDA": 0.08130081300813007,
    "PEP": 0.02439024390243902,
    "PG": 0.02439024390243902,
    "T": 0.016260162601626015,
    "TSLA": 0.06504065040650406,
    "V": 0.04065040650406503,
    "XOM": 0.04065040650406503
}