{
    "AAPL": 0.10909090909090907,
    "AMD": 0.09090909090909091,
    "AMZN": 0.07272727272727272,
    "CSCO": 0.054545454545454536,
    "DIS": 0.045454545454545456,
    "GOOGL": 0.09090909090909091,
    "INTC": 0.045454545454545456,
    "JNJ": 0.06363636363636364,
    "KO": 0.045454545454545456,
    "MSFT": 0.09090909090909091,
    "NFLX": 0.054545454545454536,
    "NVDA": 0.10909090909090907,
    "PEP": 0.03636363636363636,
    "PG": 0.03636363636363636,
    "PYPL": 0.054545454545454536
}