{
    "AAPL": 0.14999999999999997,
    "MSFT": 0.13999999999999999,
    "GOOGL": 0.11999999999999997,
    "AMZN": 0.09999999999999998,
    "JNJ": 0.07999999999999999,
    "V": 0.06999999999999999,
    "PG": 0.059999999999999984,
    "KO": 0.059999999999999984,
    "NVDA": 0.04999999999999999,
    "TSLA": 0.04999999999999999,
    "MA": 0.04999999999999999,
    "MCD": 0.039999999999999994,
    "PEP": 0.029999999999999992
}