{
    "AAPL": 0.15000000000000002,
    "MSFT": 0.14000000000000004,
    "JNJ": 0.10000000000000002,
    "V": 0.10000000000000002,
    "PG": 0.08000000000000002,
    "KO": 0.08000000000000002,
    "NVDA": 0.12000000000000001,
    "GOOGL": 0.10000000000000002,
    "AMZN": 0.08000000000000002,
    "CVX": 0.05000000000000001
}