{
    "AAPL": 0.10909090909090906,
    "CVX": 0.07272727272727271,
    "IWM": 0.09090909090909088,
    "JNJ": 0.09090909090909088,
    "KO": 0.07272727272727271,
    "MSFT": 0.10909090909090906,
    "O": 0.04545454545454544,
    "PEP": 0.06363636363636363,
    "PG": 0.07272727272727271,
    "SPY": 0.09090909090909088,
    "T": 0.04545454545454544,
    "VB": 0.04545454545454544,
    "VTI": 0.09090909090909088
}