{
    "AAPL": 0.09523809523809522,
    "MSFT": 0.09523809523809522,
    "JNJ": 0.07619047619047617,
    "PG": 0.07619047619047617,
    "KO": 0.06666666666666665,
    "PEP": 0.06666666666666665,
    "VZ": 0.04761904761904761,
    "T": 0.04761904761904761,
    "CSCO": 0.06666666666666665,
    "XOM": 0.04761904761904761,
    "CVX": 0.04761904761904761,
    "O": 0.04761904761904761,
    "SPY": 0.07619047619047617,
    "IWM": 0.04761904761904761,
    "VTI": 0.04761904761904761,
    "BND": 0.04761904761904761
}