{
    "AAPL": 0.11999999999999997,
    "AMZN": 0.09999999999999998,
    "GOOGL": 0.10999999999999997,
    "MSFT": 0.09999999999999998,
    "NVDA": 0.14999999999999997,
    "TSLA": 0.11999999999999997,
    "META": 0.07999999999999999,
    "V": 0.06999999999999999,
    "JNJ": 0.04999999999999999,
    "JPM": 0.04999999999999999,
    "UNH": 0.04999999999999999
}