{
    "AAPL": 0.09677419354838708,
    "AMD": 0.06451612903225805,
    "AMZN": 0.08064516129032256,
    "CSCO": 0.04032258064516128,
    "DIS": 0.032258064516129024,
    "GOOGL": 0.08064516129032256,
    "INTC": 0.04032258064516128,
    "JNJ": 0.04838709677419354,
    "KO": 0.04032258064516128,
    "MSFT": 0.08064516129032256,
    "NFLX": 0.04838709677419354,
    "NKE": 0.02419354838709677,
    "NVDA": 0.09677419354838708,
    "PEP": 0.032258064516129024,
    "PG": 0.032258064516129024,
    "T": 0.02419354838709677,
    "TSLA": 0.056451612903225805,
    "V": 0.04838709677419354,
    "VZ": 0.032258064516129024
}