{
    "AAPL": 0.12000000000000001,
    "AMD": 0.10000000000000002,
    "AMZN": 0.08000000000000002,
    "GOOGL": 0.10000000000000002,
    "NVDA": 0.15000000000000002,
    "MSFT": 0.10000000000000002,
    "TSLA": 0.10000000000000002,
    "SHOP": 0.08000000000000002,
    "PLTR": 0.07000000000000002,
    "META": 0.10000000000000002
}