{
    "AAPL": 0.11999999999999994,
    "MSFT": 0.11999999999999994,
    "JNJ": 0.07999999999999996,
    "KO": 0.07999999999999996,
    "PG": 0.07999999999999996,
    "VZ": 0.06999999999999998,
    "T": 0.06999999999999998,
    "PFE": 0.06999999999999998,
    "CSCO": 0.06999999999999998,
    "XOM": 0.05999999999999997,
    "CVX": 0.05999999999999997,
    "WMT": 0.05999999999999997,
    "PEP": 0.05999999999999997
}