{
    "AAPL": 0.10714285714285711,
    "AMD": 0.07142857142857141,
    "AMZN": 0.08928571428571426,
    "CSCO": 0.04464285714285713,
    "CVX": 0.04464285714285713,
    "DIS": 0.035714285714285705,
    "GOOGL": 0.10714285714285711,
    "INTC": 0.04464285714285713,
    "JNJ": 0.053571428571428555,
    "KO": 0.04464285714285713,
    "MSFT": 0.10714285714285711,
    "NFLX": 0.04464285714285713,
    "NKE": 0.026785714285714277,
    "NVDA": 0.07142857142857141,
    "PEP": 0.026785714285714277,
    "PG": 0.026785714285714277,
    "TSLA": 0.053571428571428555
}