{
    "AAPL": 0.14999999999999997,
    "MSFT": 0.14999999999999997,
    "JNJ": 0.09999999999999998,
    "PG": 0.09999999999999998,
    "KO": 0.07999999999999999,
    "PEP": 0.07999999999999999,
    "VZ": 0.04999999999999999,
    "T": 0.04999999999999999,
    "INTC": 0.06999999999999999,
    "CSCO": 0.06999999999999999,
    "XOM": 0.04999999999999999,
    "CVX": 0.04999999999999999
}