{
    "AAPL": 0.09174311926605502,
    "MSFT": 0.09174311926605502,
    "JNJ": 0.07339449541284401,
    "PG": 0.07339449541284401,
    "KO": 0.06422018348623852,
    "PEP": 0.06422018348623852,
    "VZ": 0.04587155963302751,
    "T": 0.04587155963302751,
    "CSCO": 0.05504587155963301,
    "XOM": 0.05504587155963301,
    "CVX": 0.05504587155963301,
    "O": 0.04587155963302751,
    "SPY": 0.07339449541284401,
    "VTI": 0.07339449541284401,
    "BND": 0.04587155963302751,
    "AGG": 0.04587155963302751
}