{
    "AAPL": 0.08849557522123892,
    "MSFT": 0.08849557522123892,
    "JNJ": 0.07079646017699114,
    "PG": 0.07079646017699114,
    "KO": 0.06194690265486724,
    "PEP": 0.06194690265486724,
    "VZ": 0.04424778761061946,
    "T": 0.04424778761061946,
    "XOM": 0.05309734513274335,
    "CVX": 0.05309734513274335,
    "O": 0.04424778761061946,
    "SPY": 0.07079646017699114,
    "VTI": 0.07079646017699114,
    "IWM": 0.04424778761061946,
    "QQQ": 0.04424778761061946,
    "VOO": 0.04424778761061946,
    "BND": 0.04424778761061946
}