{
    "AAPL": 0.09374999999999997,
    "AMD": 0.062499999999999986,
    "AMZN": 0.07812499999999999,
    "CSCO": 0.03906249999999999,
    "DIS": 0.031249999999999993,
    "GOOGL": 0.09374999999999997,
    "INTC": 0.03906249999999999,
    "JNJ": 0.046874999999999986,
    "KO": 0.03906249999999999,
    "MSFT": 0.09374999999999997,
    "NFLX": 0.046874999999999986,
    "NKE": 0.023437499999999993,
    "NVDA": 0.07812499999999999,
    "PEP": 0.031249999999999993,
    "PG": 0.031249999999999993,
    "T": 0.015624999999999997,
    "TSLA": 0.062499999999999986,
    "V": 0.062499999999999986,
    "VZ": 0.031249999999999993
}