{
    "AAPL": 0.14999999999999997,
    "MSFT": 0.14999999999999997,
    "JNJ": 0.09999999999999998,
    "VZ": 0.04999999999999999,
    "KO": 0.04999999999999999,
    "PG": 0.04999999999999999,
    "PEP": 0.04999999999999999,
    "XOM": 0.04999999999999999,
    "CVX": 0.04999999999999999,
    "JPM": 0.09999999999999998,
    "TSLA": 0.04999999999999999,
    "NVDA": 0.09999999999999998,
    "AMD": 0.04999999999999999
}