{
    "AAPL": 0.14999999999999997,
    "AMZN": 0.11999999999999997,
    "GOOGL": 0.12999999999999998,
    "MSFT": 0.13999999999999999,
    "NVDA": 0.09999999999999998,
    "TSLA": 0.07999999999999999,
    "JNJ": 0.059999999999999984,
    "JPM": 0.06999999999999999,
    "KO": 0.04999999999999999,
    "PG": 0.04999999999999999,
    "V": 0.04999999999999999
}