{
    "AAPL": 0.11999999999999997,
    "AMZN": 0.09999999999999998,
    "GOOGL": 0.10999999999999997,
    "MSFT": 0.09999999999999998,
    "NVDA": 0.14999999999999997,
    "TSLA": 0.09999999999999998,
    "META": 0.07999999999999999,
    "NFLX": 0.06999999999999999,
    "PLTR": 0.04999999999999999,
    "BABA": 0.039999999999999994,
    "JNJ": 0.039999999999999994,
    "KO": 0.039999999999999994
}