{
    "AAPL": 0.11428571428571425,
    "AMD": 0.07619047619047617,
    "AMZN": 0.09523809523809522,
    "CSCO": 0.04761904761904761,
    "CVX": 0.04761904761904761,
    "DIS": 0.038095238095238085,
    "GOOGL": 0.11428571428571425,
    "INTC": 0.04761904761904761,
    "JNJ": 0.05714285714285713,
    "KO": 0.04761904761904761,
    "MSFT": 0.09523809523809522,
    "NFLX": 0.04761904761904761,
    "NKE": 0.028571428571428564,
    "NVDA": 0.09523809523809522,
    "PEP": 0.04761904761904761
}