{
    "AAPL": 0.1442307692307692,
    "MSFT": 0.11538461538461535,
    "GOOGL": 0.09615384615384613,
    "AMZN": 0.0769230769230769,
    "TSLA": 0.06730769230769229,
    "NVDA": 0.09615384615384613,
    "META": 0.048076923076923066,
    "JNJ": 0.057692307692307675,
    "V": 0.0,
    "PG": 0.048076923076923066,
    "KO": 0.03846153846153845,
    "PEP": 0.03846153846153845,
    "NKE": 0.0,
    "DIS": 0.028846153846153837,
    "AMD": 0.057692307692307675,
    "INTC": 0.028846153846153837,
    "CSCO": 0.019230769230769225,
    "NFLX": 0.019230769230769225,
    "ADBE": 0.019230769230769225
}