{
    "AAPL": 0.09599999999999996,
    "AMD": 0.07999999999999997,
    "AMZN": 0.06399999999999997,
    "CSCO": 0.03999999999999999,
    "DIS": 0.02399999999999999,
    "GOOGL": 0.07999999999999997,
    "INTC": 0.03199999999999999,
    "JNJ": 0.04799999999999998,
    "KO": 0.03999999999999999,
    "META": 0.05599999999999999,
    "MSFT": 0.07999999999999997,
    "NFLX": 0.03999999999999999,
    "NKE": 0.015999999999999993,
    "NVDA": 0.09599999999999996,
    "PEP": 0.02399999999999999,
    "PG": 0.02399999999999999,
    "PYPL": 0.03999999999999999,
    "TSLA": 0.07999999999999997,
    "V": 0.03999999999999999
}