{
    "AAPL": 0.11999999999999997,
    "AMD": 0.04999999999999999,
    "AMZN": 0.07999999999999999,
    "CVX": 0.059999999999999984,
    "GOOGL": 0.09999999999999998,
    "INTC": 0.039999999999999994,
    "JNJ": 0.06999999999999999,
    "KO": 0.059999999999999984,
    "MA": 0.06999999999999999,
    "MSFT": 0.09999999999999998,
    "NFLX": 0.04999999999999999,
    "NVDA": 0.06999999999999999,
    "PEP": 0.04999999999999999,
    "PFE": 0.029999999999999992,
    "PG": 0.04999999999999999
}