{
    "AAPL": 0.09677419354838705,
    "AMD": 0.06451612903225805,
    "AMZN": 0.08064516129032255,
    "BABA": 0.040322580645161275,
    "CSCO": 0.048387096774193526,
    "DIS": 0.032258064516129024,
    "GOOGL": 0.0887096774193548,
    "INTC": 0.040322580645161275,
    "JNJ": 0.032258064516129024,
    "KO": 0.024193548387096763,
    "META": 0.05645161290322579,
    "MSFT": 0.08064516129032255,
    "NFLX": 0.040322580645161275,
    "NKE": 0.016129032258064512,
    "NVDA": 0.08064516129032255,
    "PEP": 0.024193548387096763,
    "PG": 0.024193548387096763,
    "PYPL": 0.016129032258064512,
    "TSLA": 0.06451612903225805,
    "V": 0.048387096774193526
}